Error Code,Event,Timestamp,MAC Address
1004,ERM_ALLCATION_ERROR,05-05-2018 10:37,00:00:00:DA:0E:21
1004,ERM_ALLCATION_ERROR,05-05-2018 10:37,00:00:00:DA:0E:21
1004,ERM_ALLCATION_ERROR,05-05-2018 10:37,00:00:00:DA:0E:21
1004,ERM_ALLCATION_ERROR,05-05-2018 10:39,00:00:00:DA:0E:21
1004,ERM_ALLCATION_ERROR,05-05-2018 10:39,00:00:00:DA:0E:21
1004,ERM_ALLCATION_ERROR,05-05-2018 10:39,00:00:00:DA:0E:21
1004,ERM_ALLCATION_ERROR,05-05-2018 10:40,00:00:03:C1:10:81
1004,ERM_ALLCATION_ERROR,05-05-2018 10:47,00:00:07:2D:1A:71
1004,ERM_ALLCATION_ERROR,05-05-2018 10:48,00:00:07:2D:1A:71
1004,ERM_ALLCATION_ERROR,05-05-2018 10:48,00:00:07:2D:1A:71
1004,ERM_ALLCATION_ERROR,05-05-2018 10:48,00:00:07:2D:1A:71
1004,ERM_ALLCATION_ERROR,05-05-2018 10:49,00:00:07:2D:1A:71
1004,ERM_ALLCATION_ERROR,05-05-2018 10:49,00:00:07:2D:1A:71
1004,ERM_ALLCATION_ERROR,05-05-2018 10:49,00:00:07:2D:1A:71
1004,ERM_ALLCATION_ERROR,05-05-2018 10:50,00:00:07:2D:1A:71
1004,ERM_ALLCATION_ERROR,05-05-2018 10:50,00:00:07:2D:1A:71
1004,ERM_ALLCATION_ERROR,05-05-2018 10:51,00:00:07:2D:1A:71
1004,ERM_ALLCATION_ERROR,05-05-2018 10:53,00:00:07:2D:1A:71
1004,ERM_ALLCATION_ERROR,05-05-2018 10:56,00:00:07:76:8A:1A
1004,ERM_ALLCATION_ERROR,05-05-2018 11:06,00:00:07:69:EC:37
1004,ERM_ALLCATION_ERROR,05-05-2018 11:06,00:00:07:69:EC:37
1004,ERM_ALLCATION_ERROR,05-05-2018 11:06,00:00:07:69:EC:37
1004,ERM_ALLCATION_ERROR,05-05-2018 11:08,00:00:07:69:EC:37
1004,ERM_ALLCATION_ERROR,05-05-2018 16:13,00:00:07:19:D0:DA
1004,ERM_ALLCATION_ERROR,05-05-2018 16:13,00:00:07:19:D0:DA
1004,ERM_ALLCATION_ERROR,05-05-2018 16:13,00:00:07:19:D0:DA
1004,ERM_ALLCATION_ERROR,05-05-2018 16:13,00:00:07:19:D0:DA
1004,ERM_ALLCATION_ERROR,05-05-2018 16:13,00:00:07:19:D0:DA
1004,ERM_ALLCATION_ERROR,05-05-2018 16:13,00:00:07:19:D0:DA
1004,ERM_ALLCATION_ERROR,05-05-2018 16:13,00:00:07:19:D0:DA
1004,ERM_ALLCATION_ERROR,05-05-2018 16:13,00:00:07:19:D0:DA
1004,ERM_ALLCATION_ERROR,05-05-2018 16:13,00:00:07:19:D0:DA
1004,ERM_ALLCATION_ERROR,05-05-2018 16:13,00:00:07:19:D0:DA
1004,ERM_ALLCATION_ERROR,05-05-2018 16:13,00:00:07:19:D0:DA
1004,ERM_ALLCATION_ERROR,05-05-2018 16:13,00:00:07:19:D0:DA
1004,ERM_ALLCATION_ERROR,05-05-2018 16:13,00:00:07:19:D0:DA
1004,ERM_ALLCATION_ERROR,05-05-2018 16:14,00:00:07:19:D0:DA
1004,ERM_ALLCATION_ERROR,05-05-2018 16:14,00:00:07:19:D0:DA
1004,ERM_ALLCATION_ERROR,05-05-2018 16:14,00:00:07:19:D0:DA
1004,ERM_ALLCATION_ERROR,05-05-2018 16:14,00:00:07:19:D0:DA
1004,ERM_ALLCATION_ERROR,05-05-2018 16:14,00:00:07:19:D0:DA
1004,ERM_ALLCATION_ERROR,05-05-2018 16:14,00:00:07:19:D0:DA
1004,ERM_ALLCATION_ERROR,05-05-2018 16:14,00:00:07:19:D0:DA
1004,ERM_ALLCATION_ERROR,05-05-2018 16:14,00:00:07:19:D0:DA
1004,ERM_ALLCATION_ERROR,05-05-2018 16:14,00:00:07:19:D0:DA
1004,ERM_ALLCATION_ERROR,05-05-2018 16:14,00:00:07:19:D0:DA
1004,ERM_ALLCATION_ERROR,05-05-2018 16:14,00:00:07:19:D0:DA
1004,ERM_ALLCATION_ERROR,05-05-2018 16:14,00:00:07:19:D0:DA
1004,ERM_ALLCATION_ERROR,05-05-2018 16:14,00:00:07:19:D0:DA
1004,ERM_ALLCATION_ERROR,05-05-2018 16:14,00:00:07:19:D0:DA
1004,ERM_ALLCATION_ERROR,05-05-2018 16:14,00:00:07:19:D0:DA
1004,ERM_ALLCATION_ERROR,05-05-2018 16:14,00:00:07:19:D0:DA
1004,ERM_ALLCATION_ERROR,05-05-2018 16:14,00:00:07:19:D0:DA
1004,ERM_ALLCATION_ERROR,05-05-2018 16:14,00:00:07:19:D0:DA
1004,ERM_ALLCATION_ERROR,05-05-2018 16:14,00:00:07:19:D0:DA
1004,ERM_ALLCATION_ERROR,05-05-2018 16:14,00:00:07:19:D0:DA
1004,ERM_ALLCATION_ERROR,05-05-2018 16:14,00:00:07:19:D0:DA
1004,ERM_ALLCATION_ERROR,05-05-2018 16:14,00:00:07:19:D0:DA
1004,ERM_ALLCATION_ERROR,05-05-2018 16:28,00:00:04:8E:26:63
1004,ERM_ALLCATION_ERROR,05-05-2018 16:41,00:00:05:08:58:EF
1004,ERM_ALLCATION_ERROR,05-05-2018 16:41,00:00:05:08:58:EF
1004,ERM_ALLCATION_ERROR,05-05-2018 16:41,00:00:05:08:58:EF
1004,ERM_ALLCATION_ERROR,05-05-2018 17:27,00:00:07:6E:E0:AA
1004,ERM_ALLCATION_ERROR,05-05-2018 17:27,00:00:07:6E:E0:AA
1004,ERM_ALLCATION_ERROR,05-05-2018 17:28,00:00:04:D6:E2:20
1004,ERM_ALLCATION_ERROR,05-05-2018 17:30,00:00:04:DF:F0:E9
1004,ERM_ALLCATION_ERROR,05-05-2018 17:30,00:00:04:DF:F0:E9
1004,ERM_ALLCATION_ERROR,05-05-2018 17:30,00:00:04:DF:F0:E9
1004,ERM_ALLCATION_ERROR,05-05-2018 17:31,00:00:04:DF:F0:E9
1004,ERM_ALLCATION_ERROR,05-05-2018 17:31,00:00:04:DF:F0:E9
1004,ERM_ALLCATION_ERROR,05-05-2018 17:31,00:00:04:DF:F0:E9
1004,ERM_ALLCATION_ERROR,05-05-2018 17:31,00:00:04:DF:F0:E9
1004,ERM_ALLCATION_ERROR,05-05-2018 17:34,00:00:04:DF:F0:E9
1004,ERM_ALLCATION_ERROR,05-05-2018 17:34,00:00:04:DF:F0:E9
1004,ERM_ALLCATION_ERROR,05-05-2018 17:34,00:00:04:DF:F0:E9
1004,ERM_ALLCATION_ERROR,05-05-2018 17:34,00:00:04:D6:E2:20
1004,ERM_ALLCATION_ERROR,05-05-2018 17:38,00:00:02:31:2B:AF
1004,ERM_ALLCATION_ERROR,05-05-2018 17:38,00:00:02:31:2B:AF
1004,ERM_ALLCATION_ERROR,05-05-2018 17:43,00:00:07:36:75:6D
1004,ERM_ALLCATION_ERROR,05-05-2018 17:44,00:00:07:30:1A:3D
1004,ERM_ALLCATION_ERROR,05-05-2018 17:44,00:00:07:30:1A:3D
1004,ERM_ALLCATION_ERROR,05-05-2018 17:44,00:00:07:30:1A:3D
1004,ERM_ALLCATION_ERROR,05-05-2018 17:45,00:00:07:30:1A:3D
1004,ERM_ALLCATION_ERROR,05-05-2018 17:51,00:00:02:B0:D1:98
1004,ERM_ALLCATION_ERROR,05-05-2018 17:51,00:00:02:B0:D1:98
1004,ERM_ALLCATION_ERROR,05-05-2018 17:51,00:00:02:B0:D1:98
1004,ERM_ALLCATION_ERROR,05-05-2018 17:52,00:00:07:2C:F5:37
1004,ERM_ALLCATION_ERROR,05-05-2018 17:52,00:00:07:2C:F5:37
1004,ERM_ALLCATION_ERROR,05-05-2018 17:54,00:00:07:2C:F5:37
1004,ERM_ALLCATION_ERROR,05-05-2018 17:54,00:00:07:2C:F5:37
1004,ERM_ALLCATION_ERROR,05-05-2018 17:54,00:00:07:2C:F5:37
1004,ERM_ALLCATION_ERROR,05-05-2018 17:54,00:00:07:2C:F5:37
1004,ERM_ALLCATION_ERROR,05-05-2018 18:25,00:00:07:3E:B5:3C
1004,ERM_ALLCATION_ERROR,05-05-2018 18:28,00:00:06:E6:13:7F
1004,ERM_ALLCATION_ERROR,05-05-2018 18:29,00:00:06:E6:13:7F
1004,ERM_ALLCATION_ERROR,05-05-2018 18:29,00:00:06:E6:13:7F
1004,ERM_ALLCATION_ERROR,05-05-2018 18:29,00:00:06:E6:13:7F
1004,ERM_ALLCATION_ERROR,05-05-2018 18:33,00:00:07:35:64:49
1004,ERM_ALLCATION_ERROR,05-05-2018 18:34,00:00:07:40:13:48
1004,ERM_ALLCATION_ERROR,05-05-2018 18:34,00:00:07:40:13:48
1004,ERM_ALLCATION_ERROR,05-05-2018 18:36,00:00:07:6C:21:36
1004,ERM_ALLCATION_ERROR,05-05-2018 18:36,00:00:07:2A:73:95
1004,ERM_ALLCATION_ERROR,05-05-2018 18:36,00:00:07:2A:73:95
1004,ERM_ALLCATION_ERROR,05-05-2018 18:37,00:00:07:6C:21:36
1004,ERM_ALLCATION_ERROR,05-05-2018 18:37,00:00:07:6C:21:36
1004,ERM_ALLCATION_ERROR,05-05-2018 18:44,00:00:07:37:0C:11
1004,ERM_ALLCATION_ERROR,05-05-2018 18:45,00:00:07:6F:57:B5
1004,ERM_ALLCATION_ERROR,05-05-2018 18:48,00:00:07:6F:57:B5
1004,ERM_ALLCATION_ERROR,05-05-2018 18:56,00:00:04:CE:43:9B
1004,ERM_ALLCATION_ERROR,05-05-2018 18:56,00:00:04:CE:43:9B
1004,ERM_ALLCATION_ERROR,05-05-2018 18:56,00:00:04:CE:43:9B
1004,ERM_ALLCATION_ERROR,05-05-2018 18:56,00:00:03:74:39:8B
1004,ERM_ALLCATION_ERROR,05-05-2018 18:56,00:00:04:CE:43:9B
1004,ERM_ALLCATION_ERROR,05-05-2018 18:56,00:00:03:74:39:8B
1004,ERM_ALLCATION_ERROR,05-05-2018 18:59,00:00:07:1C:EA:E2
1004,ERM_ALLCATION_ERROR,05-05-2018 18:59,00:00:07:1C:EA:E2
1004,ERM_ALLCATION_ERROR,05-05-2018 18:59,00:00:07:1C:EA:E2
1004,ERM_ALLCATION_ERROR,05-05-2018 18:59,00:00:07:1C:EA:E2
1004,ERM_ALLCATION_ERROR,05-05-2018 19:00,00:00:07:1C:EA:E2
1004,ERM_ALLCATION_ERROR,05-05-2018 19:00,00:00:07:1C:EA:E2
1004,ERM_ALLCATION_ERROR,05-05-2018 19:00,00:00:07:1C:EA:E2
1004,ERM_ALLCATION_ERROR,05-05-2018 19:03,00:00:07:2C:F5:37
1004,ERM_ALLCATION_ERROR,05-05-2018 19:04,00:00:07:2C:F5:37
1004,ERM_ALLCATION_ERROR,05-05-2018 19:04,00:00:07:2F:8A:AE
1004,ERM_ALLCATION_ERROR,05-05-2018 19:04,00:00:07:2F:8A:AE
1004,ERM_ALLCATION_ERROR,05-05-2018 19:04,00:00:07:2F:8A:AE
1004,ERM_ALLCATION_ERROR,05-05-2018 19:04,00:00:04:8D:8C:57
1004,ERM_ALLCATION_ERROR,05-05-2018 19:04,00:00:07:2F:8A:AE
1004,ERM_ALLCATION_ERROR,05-05-2018 19:05,00:00:04:8D:8C:57
1004,ERM_ALLCATION_ERROR,05-05-2018 19:05,00:00:07:2F:8A:AE
1004,ERM_ALLCATION_ERROR,05-05-2018 19:07,00:00:04:CE:43:9B
1004,ERM_ALLCATION_ERROR,05-05-2018 19:07,00:00:04:CE:43:9B
1004,ERM_ALLCATION_ERROR,05-05-2018 19:07,00:00:04:CE:43:9B
1004,ERM_ALLCATION_ERROR,05-05-2018 19:07,00:00:04:CE:43:9B
1004,ERM_ALLCATION_ERROR,05-05-2018 19:07,00:00:04:CE:43:9B
1004,ERM_ALLCATION_ERROR,05-05-2018 19:07,00:00:04:CE:43:9B
1004,ERM_ALLCATION_ERROR,05-05-2018 19:07,00:00:04:CE:43:9B
1004,ERM_ALLCATION_ERROR,05-05-2018 19:07,00:00:04:CE:43:9B
1004,ERM_ALLCATION_ERROR,05-05-2018 19:08,00:00:04:CE:43:9B
1004,ERM_ALLCATION_ERROR,05-05-2018 19:08,00:00:04:CE:43:9B
1004,ERM_ALLCATION_ERROR,05-05-2018 19:08,00:00:04:CE:43:9B
1004,ERM_ALLCATION_ERROR,05-05-2018 19:08,00:00:07:2C:F5:37
1004,ERM_ALLCATION_ERROR,05-05-2018 19:08,00:00:04:CE:43:9B
1004,ERM_ALLCATION_ERROR,05-05-2018 19:08,00:00:04:CE:43:9B
1004,ERM_ALLCATION_ERROR,05-05-2018 19:08,00:00:04:CE:43:9B
1004,ERM_ALLCATION_ERROR,05-05-2018 19:08,00:00:07:2C:F5:37
1004,ERM_ALLCATION_ERROR,05-05-2018 19:09,00:00:04:8D:8C:57
1004,ERM_ALLCATION_ERROR,05-05-2018 19:13,00:00:07:43:4C:83
1004,ERM_ALLCATION_ERROR,05-05-2018 19:13,00:00:07:43:4C:83
1004,ERM_ALLCATION_ERROR,05-05-2018 19:14,00:00:0A:9B:0C:51
1004,ERM_ALLCATION_ERROR,05-05-2018 19:14,00:00:07:40:91:39
1004,ERM_ALLCATION_ERROR,05-05-2018 19:14,00:00:05:1F:FD:39
1004,ERM_ALLCATION_ERROR,05-05-2018 19:14,00:00:05:1F:FD:39
1004,ERM_ALLCATION_ERROR,05-05-2018 19:14,00:00:05:1F:FD:39
1004,ERM_ALLCATION_ERROR,05-05-2018 19:14,00:00:0A:9B:0C:51
1004,ERM_ALLCATION_ERROR,05-05-2018 19:14,00:00:07:40:91:39
1004,ERM_ALLCATION_ERROR,05-05-2018 19:14,00:00:07:40:91:39
1004,ERM_ALLCATION_ERROR,05-05-2018 19:14,00:00:07:40:91:39
1004,ERM_ALLCATION_ERROR,05-05-2018 19:15,00:00:0A:9B:0C:51
1004,ERM_ALLCATION_ERROR,05-05-2018 19:15,00:00:07:40:91:39
1004,ERM_ALLCATION_ERROR,05-05-2018 19:15,00:00:04:E1:0D:67
1004,ERM_ALLCATION_ERROR,05-05-2018 19:15,00:00:07:1C:9A:A7
1004,ERM_ALLCATION_ERROR,05-05-2018 19:15,00:00:07:40:91:39
1004,ERM_ALLCATION_ERROR,05-05-2018 19:15,00:00:07:1C:9A:A7
1004,ERM_ALLCATION_ERROR,05-05-2018 19:15,00:00:07:40:91:39
1004,ERM_ALLCATION_ERROR,05-05-2018 19:15,00:00:07:1C:9A:A7
1004,ERM_ALLCATION_ERROR,05-05-2018 19:16,00:00:04:E1:0D:67
1004,ERM_ALLCATION_ERROR,05-05-2018 19:16,00:00:07:40:91:39
1004,ERM_ALLCATION_ERROR,05-05-2018 19:16,00:00:07:40:91:39
1004,ERM_ALLCATION_ERROR,05-05-2018 19:16,00:00:04:E1:0D:67
1004,ERM_ALLCATION_ERROR,05-05-2018 19:16,00:00:07:3A:C5:39
1004,ERM_ALLCATION_ERROR,05-05-2018 19:16,00:00:07:3A:C5:39
1004,ERM_ALLCATION_ERROR,05-05-2018 19:16,00:00:07:3A:C5:39
1004,ERM_ALLCATION_ERROR,05-05-2018 19:16,00:00:04:E1:0D:67
1004,ERM_ALLCATION_ERROR,05-05-2018 19:17,00:00:07:1C:9A:A7
1004,ERM_ALLCATION_ERROR,05-05-2018 19:17,00:00:07:40:91:39
1004,ERM_ALLCATION_ERROR,05-05-2018 19:17,00:00:04:E1:0D:67
1004,ERM_ALLCATION_ERROR,05-05-2018 19:18,00:00:07:40:91:39
1004,ERM_ALLCATION_ERROR,05-05-2018 19:18,00:00:07:40:91:39
1004,ERM_ALLCATION_ERROR,05-05-2018 19:18,00:00:07:1C:9A:A7
1004,ERM_ALLCATION_ERROR,05-05-2018 19:20,00:00:07:69:A2:B6
1004,ERM_ALLCATION_ERROR,05-05-2018 19:20,00:00:07:69:A2:B6
1004,ERM_ALLCATION_ERROR,05-05-2018 19:20,00:00:07:40:61:7C
1004,ERM_ALLCATION_ERROR,05-05-2018 19:21,00:00:07:40:61:7C
1004,ERM_ALLCATION_ERROR,05-05-2018 19:21,00:00:07:40:91:39
1004,ERM_ALLCATION_ERROR,05-05-2018 19:21,00:00:07:69:A2:B6
1004,ERM_ALLCATION_ERROR,05-05-2018 19:21,00:00:07:40:91:39
1004,ERM_ALLCATION_ERROR,05-05-2018 19:21,00:00:07:40:91:39
1004,ERM_ALLCATION_ERROR,05-05-2018 19:22,00:00:07:69:A2:B6
1004,ERM_ALLCATION_ERROR,05-05-2018 19:22,00:00:07:69:A2:B6
1004,ERM_ALLCATION_ERROR,05-05-2018 19:23,00:00:07:2A:6E:4D
1004,ERM_ALLCATION_ERROR,05-05-2018 19:25,00:00:03:69:A8:2F
1004,ERM_ALLCATION_ERROR,05-05-2018 19:25,00:00:05:08:19:E7
1004,ERM_ALLCATION_ERROR,05-05-2018 19:25,00:00:05:08:19:E7
1004,ERM_ALLCATION_ERROR,05-05-2018 19:25,00:00:05:08:19:E7
1004,ERM_ALLCATION_ERROR,05-05-2018 19:25,00:00:07:69:A2:B6
1004,ERM_ALLCATION_ERROR,05-05-2018 19:25,00:00:03:69:A8:2F
1004,ERM_ALLCATION_ERROR,05-05-2018 19:25,00:00:03:69:A8:2F
1004,ERM_ALLCATION_ERROR,05-05-2018 19:25,00:00:07:69:A2:B6
1004,ERM_ALLCATION_ERROR,05-05-2018 19:25,00:00:07:40:91:39
1004,ERM_ALLCATION_ERROR,05-05-2018 19:25,00:00:07:40:91:39
1004,ERM_ALLCATION_ERROR,05-05-2018 19:26,00:00:07:69:A2:B6
1004,ERM_ALLCATION_ERROR,05-05-2018 19:26,00:00:07:69:A2:B6
1004,ERM_ALLCATION_ERROR,05-05-2018 19:27,00:00:07:40:91:39
1004,ERM_ALLCATION_ERROR,05-05-2018 19:27,00:00:07:40:91:39
1004,ERM_ALLCATION_ERROR,05-05-2018 19:27,00:00:07:40:91:39
1004,ERM_ALLCATION_ERROR,05-05-2018 19:27,00:00:07:40:91:39
1004,ERM_ALLCATION_ERROR,05-05-2018 19:27,00:00:07:40:91:39
1004,ERM_ALLCATION_ERROR,05-05-2018 19:27,00:00:05:08:19:E7
1004,ERM_ALLCATION_ERROR,05-05-2018 19:27,00:00:05:08:19:E7
1004,ERM_ALLCATION_ERROR,05-05-2018 19:27,00:00:05:08:19:E7
1004,ERM_ALLCATION_ERROR,05-05-2018 19:27,00:00:05:08:19:E7
1004,ERM_ALLCATION_ERROR,05-05-2018 19:27,00:00:05:08:19:E7
1004,ERM_ALLCATION_ERROR,05-05-2018 19:28,00:00:05:08:19:E7
1004,ERM_ALLCATION_ERROR,05-05-2018 19:32,00:00:03:B3:A7:FD
1004,ERM_ALLCATION_ERROR,05-05-2018 19:32,00:00:07:1F:2F:A7
1004,ERM_ALLCATION_ERROR,05-05-2018 19:32,00:00:07:1F:2F:A7
1004,ERM_ALLCATION_ERROR,05-05-2018 19:32,00:00:07:46:A6:20
1004,ERM_ALLCATION_ERROR,05-05-2018 19:33,00:00:07:46:A6:20
1004,ERM_ALLCATION_ERROR,05-05-2018 19:33,00:00:07:46:A6:20
1004,ERM_ALLCATION_ERROR,05-05-2018 19:33,00:00:07:2C:D1:B9
1004,ERM_ALLCATION_ERROR,05-05-2018 19:33,00:00:07:2C:D1:B9
1004,ERM_ALLCATION_ERROR,05-05-2018 19:33,00:00:07:2C:D1:B9
1004,ERM_ALLCATION_ERROR,05-05-2018 19:34,00:00:07:40:17:62
1004,ERM_ALLCATION_ERROR,05-05-2018 19:34,00:00:07:40:17:62
1004,ERM_ALLCATION_ERROR,05-05-2018 19:35,00:00:03:B3:A7:FD
1004,ERM_ALLCATION_ERROR,05-05-2018 19:35,00:00:05:03:97:EA
1004,ERM_ALLCATION_ERROR,05-05-2018 19:35,00:00:05:03:97:EA
1004,ERM_ALLCATION_ERROR,05-05-2018 19:36,00:00:07:40:17:62
1004,ERM_ALLCATION_ERROR,05-05-2018 19:36,00:00:07:49:C9:6E
1004,ERM_ALLCATION_ERROR,05-05-2018 19:36,00:00:07:40:17:62
1004,ERM_ALLCATION_ERROR,05-05-2018 19:37,00:00:07:40:17:62
1004,ERM_ALLCATION_ERROR,05-05-2018 19:37,00:00:07:49:C9:6E
1004,ERM_ALLCATION_ERROR,05-05-2018 19:37,00:00:07:49:C9:6E
1004,ERM_ALLCATION_ERROR,05-05-2018 19:38,00:00:07:36:C1:CA
1004,ERM_ALLCATION_ERROR,05-05-2018 19:38,00:00:07:49:C9:6E
1004,ERM_ALLCATION_ERROR,05-05-2018 19:38,00:00:07:36:C1:CA
1004,ERM_ALLCATION_ERROR,05-05-2018 19:39,00:00:07:33:5D:BF
1004,ERM_ALLCATION_ERROR,05-05-2018 19:39,00:00:07:33:5D:BF
1004,ERM_ALLCATION_ERROR,05-05-2018 19:39,00:00:07:33:5D:BF
1004,ERM_ALLCATION_ERROR,05-05-2018 19:40,00:00:03:B3:A7:FD
1004,ERM_ALLCATION_ERROR,05-05-2018 19:40,00:00:07:33:5D:BF
1004,ERM_ALLCATION_ERROR,05-05-2018 19:41,00:00:07:49:C9:6E
1004,ERM_ALLCATION_ERROR,05-05-2018 19:44,00:00:07:4F:75:57
1004,ERM_ALLCATION_ERROR,05-05-2018 19:44,00:00:07:4F:75:57
1004,ERM_ALLCATION_ERROR,05-05-2018 19:44,00:00:07:4F:75:57
1004,ERM_ALLCATION_ERROR,05-05-2018 19:45,00:00:05:03:97:EA
1004,ERM_ALLCATION_ERROR,05-05-2018 19:46,00:00:07:2B:2F:7C
1004,ERM_ALLCATION_ERROR,05-05-2018 19:46,00:00:05:03:97:EA
1004,ERM_ALLCATION_ERROR,05-05-2018 19:46,00:00:05:03:97:EA
1004,ERM_ALLCATION_ERROR,05-05-2018 19:46,00:00:05:03:97:EA
1004,ERM_ALLCATION_ERROR,05-05-2018 19:52,00:00:07:3B:5D:F1
1004,ERM_ALLCATION_ERROR,05-05-2018 19:53,00:00:07:3B:5D:F1
1004,ERM_ALLCATION_ERROR,05-05-2018 19:53,00:00:07:3B:5D:F1
1004,ERM_ALLCATION_ERROR,05-05-2018 19:53,00:00:07:3B:5D:F1
1004,ERM_ALLCATION_ERROR,05-05-2018 19:54,00:00:07:3B:5D:F1
1004,ERM_ALLCATION_ERROR,05-05-2018 19:54,00:00:07:3B:5D:F1
1004,ERM_ALLCATION_ERROR,05-05-2018 19:57,00:00:07:3B:5D:F1
1004,ERM_ALLCATION_ERROR,05-05-2018 19:57,00:00:07:3B:5D:F1
1004,ERM_ALLCATION_ERROR,05-05-2018 19:57,00:00:07:3B:5D:F1
1004,ERM_ALLCATION_ERROR,05-05-2018 19:57,00:00:07:3B:5D:F1
1004,ERM_ALLCATION_ERROR,05-05-2018 19:57,00:00:07:3B:5D:F1
1004,ERM_ALLCATION_ERROR,05-05-2018 19:57,00:00:07:3B:5D:F1
1004,ERM_ALLCATION_ERROR,05-05-2018 20:00,00:00:07:41:B9:1B
1004,ERM_ALLCATION_ERROR,05-05-2018 20:00,00:00:07:41:B9:1B
1004,ERM_ALLCATION_ERROR,05-05-2018 20:01,00:00:07:41:B9:1B
1004,ERM_ALLCATION_ERROR,05-05-2018 20:01,00:00:02:36:A7:D6
1004,ERM_ALLCATION_ERROR,05-05-2018 20:01,00:00:02:36:A7:D6
1004,ERM_ALLCATION_ERROR,05-05-2018 20:01,00:00:02:36:A7:D6
1004,ERM_ALLCATION_ERROR,05-05-2018 20:01,00:00:02:36:A7:D6
1004,ERM_ALLCATION_ERROR,05-05-2018 20:03,00:00:02:36:A7:D6
1004,ERM_ALLCATION_ERROR,05-05-2018 20:05,00:00:07:47:48:96
1004,ERM_ALLCATION_ERROR,05-05-2018 20:11,00:00:07:40:0E:E9
1004,ERM_ALLCATION_ERROR,05-05-2018 20:11,00:00:07:2C:F5:C1
1004,ERM_ALLCATION_ERROR,05-05-2018 20:11,00:00:07:2C:F5:C1
1004,ERM_ALLCATION_ERROR,05-05-2018 20:11,00:00:07:2C:F5:C1
1004,ERM_ALLCATION_ERROR,05-05-2018 20:11,00:00:07:40:0E:E9
1004,ERM_ALLCATION_ERROR,05-05-2018 20:11,00:00:07:2C:F5:C1
1004,ERM_ALLCATION_ERROR,05-05-2018 20:12,00:00:07:1C:C1:0E
1004,ERM_ALLCATION_ERROR,05-05-2018 20:12,00:00:07:1C:C1:0E
1004,ERM_ALLCATION_ERROR,05-05-2018 20:12,00:00:07:3F:63:CA
1004,ERM_ALLCATION_ERROR,05-05-2018 20:12,00:00:07:3F:63:CA
1004,ERM_ALLCATION_ERROR,05-05-2018 20:12,00:00:07:3F:63:CA
1004,ERM_ALLCATION_ERROR,05-05-2018 20:12,00:00:04:B1:43:6B
1004,ERM_ALLCATION_ERROR,05-05-2018 20:12,00:00:07:40:0E:E9
1004,ERM_ALLCATION_ERROR,05-05-2018 20:12,00:00:04:B1:43:6B
1004,ERM_ALLCATION_ERROR,05-05-2018 20:12,00:00:07:3F:63:CA
1004,ERM_ALLCATION_ERROR,05-05-2018 20:12,00:00:03:84:1A:EF
1004,ERM_ALLCATION_ERROR,05-05-2018 20:12,00:00:04:B1:43:6B
1004,ERM_ALLCATION_ERROR,05-05-2018 20:12,00:00:03:84:1A:EF
1004,ERM_ALLCATION_ERROR,05-05-2018 20:13,00:00:04:B1:43:6B
1004,ERM_ALLCATION_ERROR,05-05-2018 20:13,00:00:07:40:0E:E9
1004,ERM_ALLCATION_ERROR,05-05-2018 20:13,00:00:02:E3:8B:CC
1004,ERM_ALLCATION_ERROR,05-05-2018 20:13,00:00:02:E3:8B:CC
1004,ERM_ALLCATION_ERROR,05-05-2018 20:13,00:00:02:E3:8B:CC
1004,ERM_ALLCATION_ERROR,05-05-2018 20:13,00:00:03:84:1A:EF
1004,ERM_ALLCATION_ERROR,05-05-2018 20:13,00:00:07:3F:63:CA
1004,ERM_ALLCATION_ERROR,05-05-2018 20:13,00:00:07:2A:72:AA
1004,ERM_ALLCATION_ERROR,05-05-2018 20:13,00:00:07:2A:72:AA
1004,ERM_ALLCATION_ERROR,05-05-2018 20:13,00:00:07:2A:72:AA
1004,ERM_ALLCATION_ERROR,05-05-2018 20:13,00:00:01:50:CF:2C
1004,ERM_ALLCATION_ERROR,05-05-2018 20:13,00:00:07:29:EB:19
1004,ERM_ALLCATION_ERROR,05-05-2018 20:14,00:00:01:50:CF:2C
1004,ERM_ALLCATION_ERROR,05-05-2018 20:14,00:00:07:2A:72:AA
1004,ERM_ALLCATION_ERROR,05-05-2018 20:14,00:00:01:50:CF:2C
1004,ERM_ALLCATION_ERROR,05-05-2018 20:14,00:00:07:2A:72:AA
1004,ERM_ALLCATION_ERROR,05-05-2018 20:14,00:00:03:84:1A:EF
1004,ERM_ALLCATION_ERROR,05-05-2018 20:14,00:00:07:29:EB:19
1004,ERM_ALLCATION_ERROR,05-05-2018 20:14,00:00:07:2A:72:AA
1004,ERM_ALLCATION_ERROR,05-05-2018 20:14,00:00:03:84:1A:EF
1004,ERM_ALLCATION_ERROR,05-05-2018 20:14,00:00:07:2A:72:AA
