Error Code,Event,Timestamp,MAC Address
1004,ERM_ALLOCATION_ERROR,05-05-2018 23:05,00:00:07:1E:5A:10
1004,ERM_ALLOCATION_ERROR,05-05-2018 23:05,00:00:07:1E:5A:10
1004,ERM_ALLOCATION_ERROR,05-05-2018 22:44,00:00:07:74:A9:C7
1004,ERM_ALLOCATION_ERROR,05-05-2018 22:44,00:00:07:30:98:D2
1004,ERM_ALLOCATION_ERROR,05-05-2018 22:44,00:00:07:30:98:D2
1004,ERM_ALLOCATION_ERROR,05-05-2018 22:44,00:00:07:74:A9:C7
1004,ERM_ALLOCATION_ERROR,05-05-2018 22:43,00:00:07:30:98:D2
1004,ERM_ALLOCATION_ERROR,05-05-2018 22:43,00:00:07:30:98:D2
1004,ERM_ALLOCATION_ERROR,05-05-2018 22:43,00:00:07:30:98:D2
1004,ERM_ALLOCATION_ERROR,05-05-2018 22:43,00:00:07:74:A9:C7
1004,ERM_ALLOCATION_ERROR,05-05-2018 22:43,00:00:07:74:A9:C7
1004,ERM_ALLOCATION_ERROR,05-05-2018 22:43,00:00:07:74:A9:C7
1004,ERM_ALLOCATION_ERROR,05-05-2018 22:43,00:00:07:74:A9:C7
1004,ERM_ALLOCATION_ERROR,05-05-2018 22:43,00:00:07:74:A9:C7
1004,ERM_ALLOCATION_ERROR,05-05-2018 22:43,00:00:07:74:A9:C7
1004,ERM_ALLOCATION_ERROR,05-05-2018 22:43,00:00:07:74:A9:C7
1004,ERM_ALLOCATION_ERROR,05-05-2018 22:43,00:00:07:74:A9:C7
1004,ERM_ALLOCATION_ERROR,05-05-2018 22:43,00:00:07:74:A9:C7
1004,ERM_ALLOCATION_ERROR,05-05-2018 22:43,00:00:07:74:A9:C7
1004,ERM_ALLOCATION_ERROR,05-05-2018 22:40,00:00:07:74:A9:C7
1004,ERM_ALLOCATION_ERROR,05-05-2018 22:40,00:00:07:74:A9:C7
1004,ERM_ALLOCATION_ERROR,05-05-2018 22:40,00:00:07:74:A9:C7
1004,ERM_ALLOCATION_ERROR,05-05-2018 22:40,00:00:07:74:A9:C7
1004,ERM_ALLOCATION_ERROR,05-05-2018 22:40,00:00:07:74:A9:C7
1004,ERM_ALLOCATION_ERROR,05-05-2018 22:40,00:00:07:74:A9:C7
1004,ERM_ALLOCATION_ERROR,05-05-2018 22:40,00:00:07:74:A9:C7
1004,ERM_ALLOCATION_ERROR,05-05-2018 22:40,00:00:07:74:A9:C7
1004,ERM_ALLOCATION_ERROR,05-05-2018 22:39,00:00:07:74:A9:C7
1004,ERM_ALLOCATION_ERROR,05-05-2018 22:30,00:00:06:98:BC:9C
1004,ERM_ALLOCATION_ERROR,05-05-2018 22:30,00:00:06:98:BC:9C
1004,ERM_ALLOCATION_ERROR,05-05-2018 22:30,00:00:06:98:BC:9C
1004,ERM_ALLOCATION_ERROR,05-05-2018 22:28,00:00:07:34:3A:22
1004,ERM_ALLOCATION_ERROR,05-05-2018 22:25,00:00:07:45:A9:BC
1004,ERM_ALLOCATION_ERROR,05-05-2018 22:22,00:00:07:45:A9:BC
1004,ERM_ALLOCATION_ERROR,05-05-2018 22:12,00:00:03:BD:B3:52
1004,ERM_ALLOCATION_ERROR,05-05-2018 22:11,00:00:03:BD:B3:52
1004,ERM_ALLOCATION_ERROR,05-05-2018 22:09,00:00:03:BD:B3:52
1004,ERM_ALLOCATION_ERROR,05-05-2018 22:09,00:00:03:BD:B3:52
1004,ERM_ALLOCATION_ERROR,05-05-2018 22:09,00:00:03:BD:B3:52
1004,ERM_ALLOCATION_ERROR,05-05-2018 22:09,00:00:03:BD:B3:52
1004,ERM_ALLOCATION_ERROR,05-05-2018 22:08,00:00:07:76:F8:6C
1004,ERM_ALLOCATION_ERROR,05-05-2018 22:08,00:00:07:76:F8:6C
1004,ERM_ALLOCATION_ERROR,05-05-2018 22:07,00:00:07:76:F8:6C
1004,ERM_ALLOCATION_ERROR,05-05-2018 22:07,00:00:07:76:F8:6C
1004,ERM_ALLOCATION_ERROR,05-05-2018 22:07,00:00:07:76:F8:6C
1004,ERM_ALLOCATION_ERROR,05-05-2018 22:07,00:00:07:76:F8:6C
1004,ERM_ALLOCATION_ERROR,05-05-2018 22:07,00:00:07:76:F8:6C
1004,ERM_ALLOCATION_ERROR,05-05-2018 22:07,00:00:07:76:F8:6C
1004,ERM_ALLOCATION_ERROR,05-05-2018 22:07,00:00:07:76:F8:6C
1004,ERM_ALLOCATION_ERROR,05-05-2018 22:07,00:00:07:76:F8:6C
1004,ERM_ALLOCATION_ERROR,05-05-2018 22:07,00:00:07:76:F8:6C
1004,ERM_ALLOCATION_ERROR,05-05-2018 22:07,00:00:07:76:F8:6C
1004,ERM_ALLOCATION_ERROR,05-05-2018 22:07,00:00:07:76:F8:6C
1004,ERM_ALLOCATION_ERROR,05-05-2018 22:06,00:00:04:87:92:E0
1004,ERM_ALLOCATION_ERROR,05-05-2018 22:06,00:00:07:76:F8:6C
1004,ERM_ALLOCATION_ERROR,05-05-2018 22:06,00:00:07:76:F8:6C
1004,ERM_ALLOCATION_ERROR,05-05-2018 22:06,00:00:07:76:F8:6C
1004,ERM_ALLOCATION_ERROR,05-05-2018 22:05,00:00:07:2B:E4:17
1004,ERM_ALLOCATION_ERROR,05-05-2018 22:05,00:00:07:2B:E4:17
1004,ERM_ALLOCATION_ERROR,05-05-2018 22:05,00:00:07:2B:E4:17
1004,ERM_ALLOCATION_ERROR,05-05-2018 22:03,00:00:03:BD:B3:52
1004,ERM_ALLOCATION_ERROR,05-05-2018 22:02,00:00:03:BD:B3:52
1004,ERM_ALLOCATION_ERROR,05-05-2018 22:02,00:00:03:BD:B3:52
1004,ERM_ALLOCATION_ERROR,05-05-2018 22:02,00:00:03:BD:B3:52
1004,ERM_ALLOCATION_ERROR,05-05-2018 22:01,00:00:04:87:92:E0
1004,ERM_ALLOCATION_ERROR,05-05-2018 22:01,00:00:04:87:92:E0
1004,ERM_ALLOCATION_ERROR,05-05-2018 21:47,00:00:07:74:3D:8A
1004,ERM_ALLOCATION_ERROR,05-05-2018 21:46,00:00:00:71:1E:4C
1004,ERM_ALLOCATION_ERROR,05-05-2018 21:45,00:00:00:71:1E:4C
1004,ERM_ALLOCATION_ERROR,05-05-2018 21:45,00:00:00:71:1E:4C
1004,ERM_ALLOCATION_ERROR,05-05-2018 21:45,00:00:00:71:1E:4C
1004,ERM_ALLOCATION_ERROR,05-05-2018 21:45,00:00:00:71:1E:4C
1004,ERM_ALLOCATION_ERROR,05-05-2018 21:44,00:00:04:88:41:72
1004,ERM_ALLOCATION_ERROR,05-05-2018 21:44,00:00:04:88:41:72
1004,ERM_ALLOCATION_ERROR,05-05-2018 21:43,00:00:04:E2:EA:08
1004,ERM_ALLOCATION_ERROR,05-05-2018 21:41,00:00:04:E2:EA:08
1004,ERM_ALLOCATION_ERROR,05-05-2018 21:41,00:00:04:E2:EA:08
1004,ERM_ALLOCATION_ERROR,05-05-2018 21:41,00:00:04:E2:EA:08
1004,ERM_ALLOCATION_ERROR,05-05-2018 21:41,00:00:04:E2:EA:08
1004,ERM_ALLOCATION_ERROR,05-05-2018 21:41,00:00:04:E2:EA:08
1004,ERM_ALLOCATION_ERROR,05-05-2018 21:39,00:00:07:52:37:7B
1004,ERM_ALLOCATION_ERROR,05-05-2018 21:39,00:00:07:52:37:7B
1004,ERM_ALLOCATION_ERROR,05-05-2018 21:39,00:00:07:52:37:7B
1004,ERM_ALLOCATION_ERROR,05-05-2018 21:39,00:00:04:E2:EA:08
1004,ERM_ALLOCATION_ERROR,05-05-2018 21:39,00:00:04:E2:EA:08
1004,ERM_ALLOCATION_ERROR,05-05-2018 21:37,00:00:04:DA:4E:B8
1004,ERM_ALLOCATION_ERROR,05-05-2018 21:37,00:00:04:DA:4E:B8
1004,ERM_ALLOCATION_ERROR,05-05-2018 21:37,00:00:04:DA:4E:B8
1004,ERM_ALLOCATION_ERROR,05-05-2018 21:37,00:00:04:DA:4E:B8
1004,ERM_ALLOCATION_ERROR,05-05-2018 21:37,00:00:04:DA:4E:B8
1004,ERM_ALLOCATION_ERROR,05-05-2018 21:28,00:00:00:80:E2:B3
1004,ERM_ALLOCATION_ERROR,05-05-2018 21:28,00:00:00:80:E2:B3
1004,ERM_ALLOCATION_ERROR,05-05-2018 21:28,00:00:00:80:E2:B3
1004,ERM_ALLOCATION_ERROR,05-05-2018 21:27,00:00:02:6E:09:22
1004,ERM_ALLOCATION_ERROR,05-05-2018 21:27,00:00:02:6E:09:22
1004,ERM_ALLOCATION_ERROR,05-05-2018 21:27,00:00:02:6E:09:22
1004,ERM_ALLOCATION_ERROR,05-05-2018 21:27,00:00:07:2C:D0:6F
1004,ERM_ALLOCATION_ERROR,05-05-2018 21:27,00:00:02:6E:09:22
1004,ERM_ALLOCATION_ERROR,05-05-2018 21:27,00:00:02:6E:09:22
1004,ERM_ALLOCATION_ERROR,05-05-2018 21:27,00:00:07:2C:D0:6F
1004,ERM_ALLOCATION_ERROR,05-05-2018 21:27,00:00:07:2C:D0:6F
1004,ERM_ALLOCATION_ERROR,05-05-2018 21:27,00:00:07:2C:D0:6F
1004,ERM_ALLOCATION_ERROR,05-05-2018 21:27,00:00:07:2C:D0:6F
1004,ERM_ALLOCATION_ERROR,05-05-2018 21:24,00:00:07:34:3A:22
1004,ERM_ALLOCATION_ERROR,05-05-2018 21:24,00:00:07:0B:7D:DB
1004,ERM_ALLOCATION_ERROR,05-05-2018 21:24,00:00:07:0B:7D:DB
1004,ERM_ALLOCATION_ERROR,05-05-2018 21:24,00:00:07:0B:7D:DB
1004,ERM_ALLOCATION_ERROR,05-05-2018 21:18,00:00:07:74:F0:B9
1004,ERM_ALLOCATION_ERROR,05-05-2018 21:18,00:00:07:1C:61:4C
1004,ERM_ALLOCATION_ERROR,05-05-2018 21:18,00:00:07:97:3E:36
1004,ERM_ALLOCATION_ERROR,05-05-2018 21:17,00:00:07:30:A7:84
1004,ERM_ALLOCATION_ERROR,05-05-2018 21:17,00:00:07:74:F0:B9
1004,ERM_ALLOCATION_ERROR,05-05-2018 21:17,00:00:07:74:F0:B9
1004,ERM_ALLOCATION_ERROR,05-05-2018 21:17,00:00:07:74:F0:B9
1004,ERM_ALLOCATION_ERROR,05-05-2018 21:16,00:00:07:30:A7:84
1004,ERM_ALLOCATION_ERROR,05-05-2018 21:16,00:00:07:57:8D:03
1004,ERM_ALLOCATION_ERROR,05-05-2018 21:16,00:00:07:57:8D:03
1004,ERM_ALLOCATION_ERROR,05-05-2018 21:16,00:00:07:57:8D:03
1004,ERM_ALLOCATION_ERROR,05-05-2018 21:15,00:00:07:52:BD:DF
1004,ERM_ALLOCATION_ERROR,05-05-2018 21:13,00:00:07:30:A7:84
1004,ERM_ALLOCATION_ERROR,05-05-2018 21:13,00:00:07:30:A7:84
1004,ERM_ALLOCATION_ERROR,05-05-2018 21:13,00:00:07:30:A7:84
1004,ERM_ALLOCATION_ERROR,05-05-2018 21:13,00:00:07:30:A7:84
1004,ERM_ALLOCATION_ERROR,05-05-2018 21:12,00:00:07:57:8F:64
1004,ERM_ALLOCATION_ERROR,05-05-2018 21:12,00:00:07:57:8F:64
1004,ERM_ALLOCATION_ERROR,05-05-2018 21:12,00:00:07:57:8F:64
1004,ERM_ALLOCATION_ERROR,05-05-2018 21:09,00:00:04:E3:4C:94
1004,ERM_ALLOCATION_ERROR,05-05-2018 21:09,00:00:04:E3:4C:94
1004,ERM_ALLOCATION_ERROR,05-05-2018 21:09,00:00:04:E3:4C:94
1004,ERM_ALLOCATION_ERROR,05-05-2018 21:08,00:00:02:6D:89:FA
1004,ERM_ALLOCATION_ERROR,05-05-2018 21:08,00:00:02:6D:89:FA
1004,ERM_ALLOCATION_ERROR,05-05-2018 21:08,00:00:02:6D:89:FA
1004,ERM_ALLOCATION_ERROR,05-05-2018 21:03,00:00:07:2F:93:8A
1004,ERM_ALLOCATION_ERROR,05-05-2018 21:03,00:00:07:2F:93:8A
1004,ERM_ALLOCATION_ERROR,05-05-2018 21:02,00:00:07:2F:93:8A
1004,ERM_ALLOCATION_ERROR,05-05-2018 21:02,00:00:07:2F:93:8A
1004,ERM_ALLOCATION_ERROR,05-05-2018 21:01,00:00:07:2F:93:8A
1004,ERM_ALLOCATION_ERROR,05-05-2018 21:00,00:00:07:2F:93:8A
1004,ERM_ALLOCATION_ERROR,05-05-2018 21:00,00:00:07:2F:93:8A
1004,ERM_ALLOCATION_ERROR,05-05-2018 21:00,00:00:07:2F:93:8A
1004,ERM_ALLOCATION_ERROR,05-05-2018 20:59,00:00:07:2F:93:8A
1004,ERM_ALLOCATION_ERROR,05-05-2018 20:59,00:00:07:2F:93:8A
1004,ERM_ALLOCATION_ERROR,05-05-2018 20:59,00:00:07:2F:93:8A
1004,ERM_ALLOCATION_ERROR,05-05-2018 20:59,00:00:07:2F:93:8A
1004,ERM_ALLOCATION_ERROR,05-05-2018 20:59,00:00:07:2F:93:8A
1004,ERM_ALLOCATION_ERROR,05-05-2018 20:59,00:00:07:2F:93:8A
1004,ERM_ALLOCATION_ERROR,05-05-2018 20:56,00:00:04:CE:8D:3F
1004,ERM_ALLOCATION_ERROR,05-05-2018 20:56,00:00:07:44:DE:40
1004,ERM_ALLOCATION_ERROR,05-05-2018 20:56,00:00:07:44:DE:40
1004,ERM_ALLOCATION_ERROR,05-05-2018 20:56,00:00:07:44:DE:40
1004,ERM_ALLOCATION_ERROR,05-05-2018 20:55,00:00:07:44:DE:40
1004,ERM_ALLOCATION_ERROR,05-05-2018 20:55,00:00:07:44:DE:40
1004,ERM_ALLOCATION_ERROR,05-05-2018 20:54,00:00:07:44:DE:40
1004,ERM_ALLOCATION_ERROR,05-05-2018 20:54,00:00:07:44:DE:40
1004,ERM_ALLOCATION_ERROR,05-05-2018 20:54,00:00:07:44:DE:40
1004,ERM_ALLOCATION_ERROR,05-05-2018 20:53,00:00:07:5C:CF:7B
1004,ERM_ALLOCATION_ERROR,05-05-2018 20:53,00:00:07:5C:CF:7B
1004,ERM_ALLOCATION_ERROR,05-05-2018 20:53,00:00:07:5C:CF:7B
1004,ERM_ALLOCATION_ERROR,05-05-2018 20:52,00:00:07:2B:12:14
1004,ERM_ALLOCATION_ERROR,05-05-2018 20:51,00:00:07:2B:12:14
1004,ERM_ALLOCATION_ERROR,05-05-2018 20:51,00:00:07:2B:12:14
1004,ERM_ALLOCATION_ERROR,05-05-2018 20:51,00:00:04:A2:96:1D
1004,ERM_ALLOCATION_ERROR,05-05-2018 20:51,00:00:04:A2:96:1D
1004,ERM_ALLOCATION_ERROR,05-05-2018 20:50,00:00:04:CE:8D:3F
1004,ERM_ALLOCATION_ERROR,05-05-2018 20:49,00:00:04:B1:11:9F
1004,ERM_ALLOCATION_ERROR,05-05-2018 20:47,00:00:04:B1:11:9F
1004,ERM_ALLOCATION_ERROR,05-05-2018 20:47,00:00:04:CE:8D:3F
1004,ERM_ALLOCATION_ERROR,05-05-2018 20:47,00:00:04:B1:11:9F
1004,ERM_ALLOCATION_ERROR,05-05-2018 20:46,00:00:04:B1:11:9F
1004,ERM_ALLOCATION_ERROR,05-05-2018 20:46,00:00:04:B1:11:9F
1004,ERM_ALLOCATION_ERROR,05-05-2018 20:43,00:00:04:CE:8D:3F
1004,ERM_ALLOCATION_ERROR,05-05-2018 20:41,00:00:07:0B:82:A7
1004,ERM_ALLOCATION_ERROR,05-05-2018 20:41,00:00:07:0B:82:A7
1004,ERM_ALLOCATION_ERROR,05-05-2018 20:41,00:00:07:0B:82:A7
1004,ERM_ALLOCATION_ERROR,05-05-2018 20:40,00:00:07:5C:CF:7B
1004,ERM_ALLOCATION_ERROR,05-05-2018 20:40,00:00:07:34:3A:22
1004,ERM_ALLOCATION_ERROR,05-05-2018 20:40,00:00:07:34:3A:22
1004,ERM_ALLOCATION_ERROR,05-05-2018 20:40,00:00:07:0B:82:A7
1004,ERM_ALLOCATION_ERROR,05-05-2018 20:40,00:00:07:0B:82:A7
1004,ERM_ALLOCATION_ERROR,05-05-2018 20:40,00:00:07:0B:82:A7
1004,ERM_ALLOCATION_ERROR,05-05-2018 20:39,00:00:04:CE:8D:3F
1004,ERM_ALLOCATION_ERROR,05-05-2018 20:39,00:00:07:5C:CF:7B
1004,ERM_ALLOCATION_ERROR,05-05-2018 20:38,00:00:07:5C:CF:7B
1004,ERM_ALLOCATION_ERROR,05-05-2018 20:38,00:00:07:46:1B:20
1004,ERM_ALLOCATION_ERROR,05-05-2018 20:38,00:00:07:5C:CF:7B
1004,ERM_ALLOCATION_ERROR,05-05-2018 20:38,00:00:07:5C:CF:7B
1004,ERM_ALLOCATION_ERROR,05-05-2018 20:37,00:00:07:3F:64:F5
1004,ERM_ALLOCATION_ERROR,05-05-2018 20:37,00:00:07:46:1B:20
1004,ERM_ALLOCATION_ERROR,05-05-2018 20:36,00:00:07:3F:64:F5
1004,ERM_ALLOCATION_ERROR,05-05-2018 20:36,00:00:07:3F:64:F5
1004,ERM_ALLOCATION_ERROR,05-05-2018 20:36,00:00:07:3F:64:F5
1004,ERM_ALLOCATION_ERROR,05-05-2018 20:35,00:00:07:46:1B:20
1004,ERM_ALLOCATION_ERROR,05-05-2018 20:34,00:00:07:46:1B:20
1004,ERM_ALLOCATION_ERROR,05-05-2018 20:34,00:00:01:22:4F:1A
1004,ERM_ALLOCATION_ERROR,05-05-2018 20:34,00:00:01:22:4F:1A
1004,ERM_ALLOCATION_ERROR,05-05-2018 20:34,00:00:01:22:4F:1A
1004,ERM_ALLOCATION_ERROR,05-05-2018 20:33,00:00:01:22:4F:1A
1004,ERM_ALLOCATION_ERROR,05-05-2018 20:33,00:00:01:22:4F:1A
1004,ERM_ALLOCATION_ERROR,05-05-2018 20:33,00:00:01:22:4F:1A
1004,ERM_ALLOCATION_ERROR,05-05-2018 20:33,00:00:07:46:1B:20
1004,ERM_ALLOCATION_ERROR,05-05-2018 20:33,00:00:04:D1:01:AE
1004,ERM_ALLOCATION_ERROR,05-05-2018 20:32,00:00:01:22:4F:1A
1004,ERM_ALLOCATION_ERROR,05-05-2018 20:32,00:00:01:22:4F:1A
1004,ERM_ALLOCATION_ERROR,05-05-2018 20:32,00:00:01:22:4F:1A
1004,ERM_ALLOCATION_ERROR,05-05-2018 20:32,00:00:01:22:4F:1A
1004,ERM_ALLOCATION_ERROR,05-05-2018 20:32,00:00:01:22:4F:1A
1004,ERM_ALLOCATION_ERROR,05-05-2018 20:32,00:00:03:8D:21:21
1004,ERM_ALLOCATION_ERROR,05-05-2018 20:32,00:00:03:8D:21:21
1004,ERM_ALLOCATION_ERROR,05-05-2018 20:32,00:00:03:8D:21:21
1004,ERM_ALLOCATION_ERROR,05-05-2018 20:31,00:00:04:CE:8D:3F
1004,ERM_ALLOCATION_ERROR,05-05-2018 20:31,00:00:07:46:1B:20
1004,ERM_ALLOCATION_ERROR,05-05-2018 20:31,00:00:07:46:1B:20
1004,ERM_ALLOCATION_ERROR,05-05-2018 20:31,00:00:04:CE:8D:3F
1004,ERM_ALLOCATION_ERROR,05-05-2018 20:31,00:00:03:8D:21:21
1004,ERM_ALLOCATION_ERROR,05-05-2018 20:30,00:00:03:8D:21:21
1004,ERM_ALLOCATION_ERROR,05-05-2018 20:30,00:00:03:8D:21:21
1004,ERM_ALLOCATION_ERROR,05-05-2018 20:30,00:00:04:CE:8D:3F
1004,ERM_ALLOCATION_ERROR,05-05-2018 20:30,00:00:03:8D:21:21
1004,ERM_ALLOCATION_ERROR,05-05-2018 20:30,00:00:03:8D:21:21
1004,ERM_ALLOCATION_ERROR,05-05-2018 20:28,00:00:04:FA:81:F9
1004,ERM_ALLOCATION_ERROR,05-05-2018 20:25,00:00:04:D1:01:AE
1004,ERM_ALLOCATION_ERROR,05-05-2018 20:25,00:00:04:D1:01:AE
1004,ERM_ALLOCATION_ERROR,05-05-2018 20:25,00:00:04:D1:01:AE
1004,ERM_ALLOCATION_ERROR,05-05-2018 20:19,00:00:07:40:D5:A2
1004,ERM_ALLOCATION_ERROR,05-05-2018 20:19,00:00:07:40:D5:A2
1004,ERM_ALLOCATION_ERROR,05-05-2018 20:16,00:00:07:2D:9F:65
1004,ERM_ALLOCATION_ERROR,05-05-2018 20:16,00:00:07:2D:9F:65
1004,ERM_ALLOCATION_ERROR,05-05-2018 20:16,00:00:07:2D:9F:65
1004,ERM_ALLOCATION_ERROR,05-05-2018 20:14,00:00:0A:9B:CB:10
1004,ERM_ALLOCATION_ERROR,05-05-2018 20:13,00:00:07:74:03:58
1004,ERM_ALLOCATION_ERROR,05-05-2018 20:13,00:00:07:74:03:58
1004,ERM_ALLOCATION_ERROR,05-05-2018 20:12,00:00:07:74:03:58
1004,ERM_ALLOCATION_ERROR,05-05-2018 20:12,00:00:07:74:03:58
1004,ERM_ALLOCATION_ERROR,05-05-2018 20:12,00:00:07:74:03:58
1004,ERM_ALLOCATION_ERROR,05-05-2018 20:12,00:00:07:74:03:58
1004,ERM_ALLOCATION_ERROR,05-05-2018 20:11,00:00:07:74:03:58
1004,ERM_ALLOCATION_ERROR,05-05-2018 20:11,00:00:07:74:03:58
1004,ERM_ALLOCATION_ERROR,05-05-2018 20:11,00:00:07:74:03:58
1004,ERM_ALLOCATION_ERROR,05-05-2018 20:11,00:00:07:74:03:58
1004,ERM_ALLOCATION_ERROR,05-05-2018 20:11,00:00:07:74:03:58
1004,ERM_ALLOCATION_ERROR,05-05-2018 20:10,00:00:00:71:F5:70
1004,ERM_ALLOCATION_ERROR,05-05-2018 20:10,00:00:00:71:F5:70
1004,ERM_ALLOCATION_ERROR,05-05-2018 20:10,00:00:00:71:F5:70
1004,ERM_ALLOCATION_ERROR,05-05-2018 11:20,00:00:06:6E:BE:C3
